concurso,fuente,tipo_fondo,instrumento,asociativo
Anillos de Investigación,ANID,Externo,Otro,TRUE
Apoyo A La Formación De Redes Internacionales_centros,ANID,Externo,Otro,FALSE
Apoyo A La Formación De Redes Internacionales_inicial,ANID,Externo,Otro,FALSE
Apoyo A La Infraestructura Cientifica De Centros Y Grupos De Investigacion,ANID,Externo,Otro,FALSE
Apoyo A La Infraestructura Para La Investigación,U. de Chile,Externo,Otro,FALSE
Asignación Rápida Covid-19,ANID,Externo,Otro,FALSE
Centros De Investigación Aplicada,ANID,Externo,Otro,TRUE
Centros De Investigación Y Desarrollo De Interés Nacional,ANID,Externo,Otro,TRUE
Centros Tecnológicos Para La Innovación,ANID,Externo,Otro,TRUE
Ciencia Aplicada,ANID,Externo,Otro,FALSE
Ciencia Pública,Otra nacional,Externo,Otro,FALSE
Ciu-Tesis,Otra nacional,Externo,Otro,FALSE
Conicyt/Eramin2,ANID,Externo,Otro,FALSE
Conocimientos-E1,ANID,Externo,Otro,FALSE
Convocatoria 1 Capes-Augm,Internacional,Externo,Otro,FALSE
Convocatoria De Proyectos De Investigación Cna,Otra nacional,Externo,Otro,FALSE
Cooperación Internacional,ANID,Externo,Otro,FALSE
Covid-19,ANID,Externo,Otro,FALSE
"Cs. Sociales, Humanidades Y Educacion",U. de Chile,Externo,Otro,FALSE
Csic/U. De Chile,U. de Chile,Externo,Otro,FALSE
Desafíos Públicos: Innovación Para Mejores Políticas Públicas,U. de Chile,Externo,Otro,FALSE
Dispositivos Para La Promoción Del Quehacer Interdisciplinario Y Transdisciplinario (Dit),U. de Chile,Externo,Otro,FALSE
Divulgación Y Valoración De Cti,ANID,Externo,Otro,FALSE
Doctorado,ANID,Externo,Otro,FALSE
Ecos,ANID,Externo,Otro,FALSE
En Temas Nacionales,U. de Chile,Externo,Otro,FALSE
Equipamiento Científico,ANID,Externo,Otro,FALSE
Extraordinario En Etnias Indigenas,U. de Chile,Externo,Otro,FALSE
FONDEQUIP,ANID,Externo,Otro,FALSE
Fip,Facultad,Facultad,FIP,FALSE
Fondecyt Postdoctorado,ANID,Externo,Fondecyt Postdoctorado,FALSE
Fondecyt Regular,ANID,Externo,Fondecyt Regular,FALSE
Fondequip,ANID,Externo,Otro,FALSE
Fondo De Creación Artística,U. de Chile,Externo,Otro,FALSE
Fondo De Innovación En Investigación Disciplinaria,U. de Chile,Externo,Otro,FALSE
Fondo De Investigación,U. de Chile,Externo,Otro,FALSE
Fondo Del Libro Y La Lectura,Otra nacional,Externo,Otro,FALSE
Fonis,ANID,Externo,Otro,FALSE
Fp7-Sica Collaborative,Internacional,Externo,Otro,FALSE
Fp7-Smsf Research Project,Internacional,Externo,Otro,FALSE
Fpci,Facultad,Facultad,FPCI,FALSE
Fprc,ANID,Externo,Otro,FALSE
Gore Atacama,Otra nacional,Externo,Otro,FALSE
Gore Metropolitano De Santiago,Otra nacional,Externo,Otro,FALSE
Idea I+D,ANID,Externo,Otro,FALSE
Iniciación en Investigación,ANID,Externo,Fondecyt Iniciación,FALSE
Iniciativa Future Works,Internacional,Externo,Otro,FALSE
Insercion De Investigadores Postdoctorales En La Academia,ANID,Externo,Otro,FALSE
Insercion Investigadores En La Academia,ANID,Externo,Otro,FALSE
Inserción De Capital Humano En La Academia,ANID,Externo,Otro,FALSE
Inserción Postdoctoral Academia,ANID,Externo,Otro,FALSE
Instituto Milenio En Ciencias Sociales,ANID,Externo,Otro,TRUE
Institutos Milenio,ANID,Externo,Otro,TRUE
Investigacion Conjunta - Programa Apoyo Al Desarrollo De Proyectos De Investigacion Chile - Estados Unidos,ANID,Externo,Otro,FALSE
Investigacion Tecnologica,ANID,Externo,Otro,FALSE
Investigacion Y Desarrollo,ANID,Externo,Otro,FALSE
Investigación Y Desarrollo (I+D),ANID,Externo,Otro,FALSE
Jean Monnet Actions In The Field Of Higher Education,Internacional,Externo,Otro,FALSE
Longevidad Saludable: Fase Internacional Catalizadora,ANID,Externo,Otro,FALSE
Mec - Atraccion De Capital Humano Avanzado Del Extranjero Modalidad Estadias Cortas,ANID,Externo,Otro,FALSE
Mecesup,Otra nacional,Externo,Otro,FALSE
Movilidad - Mec,ANID,Externo,Otro,FALSE
Movilidad - Programa De Cooperacion Cientifica Internacional (Pcci) Conicyt/Cnrs,ANID,Externo,Otro,FALSE
Movilidad - Proyecto De Intercambio Conicyt/Dfg,ANID,Externo,Otro,FALSE
Msca-Rise - Marie Sklodowska-Curie Research And Innovation Staff Exchange (Rise),Internacional,Externo,Otro,FALSE
Multidisciplinario En Temas De Interes Nacional,U. de Chile,Externo,Otro,FALSE
Nacional De Proyectos De Investigacion Y Desarrollo En Salud,ANID,Externo,Otro,FALSE
Núcleo Milenio,ANID,Externo,Otro,TRUE
Núcleo Milenio En Ciencias Exactas Y Naturales,ANID,Externo,Otro,TRUE
Núcleo Milenio En Ciencias Sociales,ANID,Externo,Otro,TRUE
Otros,Otra nacional,Externo,Otro,FALSE
Pluralismo En El Sistema Informativo Nacional,ANID,Externo,Otro,FALSE
Programa Alianzas Globales De Excelencia,ANID,Externo,Otro,FALSE
Programa Domeyko,U. de Chile,Externo,Otro,FALSE
Programa Fondap,ANID,Externo,Otro,TRUE
Promoción De La Mujer En Cti,ANID,Externo,Otro,FALSE
Prosul Pepe Mujica,Internacional,Externo,Otro,FALSE
Proyectos Chile-Estados Unidos,ANID,Externo,Otro,FALSE
Proyectos De Divulgacion Y Valoracion De La Ciencia Y La Tecnologia,ANID,Externo,Otro,FALSE
Proyectos De Exploración,ANID,Externo,Otro,FALSE
Proyectos De Intercambio Conicyt/Dfg-Alemania,ANID,Externo,Otro,FALSE
Proyectos Internacionales,Internacional,Externo,Otro,FALSE
Proyectos-Investigación,Otra nacional,Externo,Otro,FALSE
Redes Internacionales - Programa De Apoyo A La Formacion De Redes Internacionales Entre Centros De Investigacion,ANID,Externo,Otro,FALSE
Redes Internacionales - Programa Regional Tic-Amsud,ANID,Externo,Otro,FALSE
Redes Internacionales - Redes Internacionales Para Investigadores(As) En Etapa Inicial,ANID,Externo,Otro,FALSE
"Redes, Núcleo E Iniciativas De Colaboración Académica De Carácter Transdisciplinario (Rnit)",U. de Chile,Externo,Otro,FALSE
Retorno De Investigadores Desde El Extranjero,ANID,Externo,Otro,FALSE
Subvención A La Instalación En La Academia,ANID,Externo,Otro,FALSE
Tecnologias De La Informacion En Educacion,ANID,Externo,Otro,FALSE
Temático,Otra nacional,Externo,Otro,FALSE
U-Apoya,U. de Chile,Externo,U-Apoya,FALSE
U-Creart,U. de Chile,Externo,Otro,FALSE
U-Inicia,U. de Chile,Externo,U-Inicia,FALSE
U-Redes,U. de Chile,Externo,Otro,FALSE
Valorización De La Investigación En La Universidad – Viu,ANID,Externo,Otro,FALSE
